Company,Age,Salary,Place,Gender
TCS,20.0,5283.0,Chennai,M
Infosys,30.0,5283.0,Mumbai,M
TCS,35.0,2300.0,Calcutta,M
Infosys,40.0,3000.0,Delhi,M
TCS,23.0,4000.0,Mumbai,M
Infosys,32.0,5000.0,Calcutta,M
TCS,32.0,6000.0,Chennai,F
Infosys,23.0,7000.0,Mumbai,F
TCS,34.0,8000.0,Calcutta,F
Congnizant,45.0,9000.0,Delhi,M
Congnizant,23.0,5283.0,Mumbai,M
Congnizant,34.0,1089.0,Calcutta,M
Congnizant,45.0,5283.0,Chennai,M
Congnizant,18.0,1234.0,Mumbai,M
Infosys,40.0,3000.0,Calcutta,M
TCS,23.0,3000.0,Delhi,M
Infosys,23.0,3030.0,Pondicherry,M
TCS,34.0,5000.0,Cochin,M
TCS,22.0,5283.0,Chennai,M
Infosys,32.0,5283.0,Mumbai,M
TCS,37.0,3045.0,Calcutta,M
Infosys,50.0,3184.0,Delhi,M
TCS,21.0,4824.0,Mumbai,M
Infosys,32.0,5835.0,Cochin,M
TCS,32.0,7084.0,Chennai,F
Infosys,23.0,8943.0,Mumbai,F
TCS,34.0,8345.0,Calcutta,F
Congnizant,45.0,9284.0,Delhi,F
Congnizant,23.0,9876.0,Mumbai,F
Congnizant,35.0,2034.0,Cochin,M
Congnizant,46.0,7654.0,Chennai,M
Congnizant,20.0,2934.0,Mumbai,M
Infosys,45.0,4034.0,Calcutta,M
TCS,36.0,5034.0,Mumbai,M
Infosys,26.0,8202.0,Mumbai,M
TCS,35.0,9024.0,Mumbai,F
TCS,32.0,5283.0,Noida,M
TCS,35.0,5283.0,Hyderabad,M
TCS,34.0,2300.0,Calcutta,M
Infosys,41.0,3000.0,Mumbai,M
TCS,24.0,4345.0,Calcutta,M
Infosys,32.0,5000.0,Mumbai,M
TCS,32.0,6000.0,Mumbai,M
Infosys,25.0,7000.0,Mumbai,M
TCS,35.0,8000.0,Noida,F
Congnizant,46.0,9000.0,Hyderabad,F
Congnizant,24.0,5283.0,Calcutta,M
Congnizant,32.0,1089.0,Mumbai,M
Congnizant,43.0,5283.0,Mumbai,M
Congnizant,19.0,1234.0,Cochin,M
Infosys,41.0,3000.0,Chennai,M
TCS,24.0,3000.0,Mumbai,M
Infosys,21.0,3030.0,Calcutta,M
TCS,35.0,5000.0,Delhi,M
TCS,21.0,6544.0,Mumbai,M
Infosys,32.0,7654.0,Cochin,M
TCS,38.0,3045.0,Noida,M
Infosys,51.0,3184.0,Hyderabad,M
TCS,23.0,4824.0,Calcutta,M
Infosys,32.0,5835.0,Mumbai,M
TCS,32.0,7084.0,Calcutta,M
TCS,25.0,8943.0,Mumbai,F
TCS,36.0,8345.0,Mumbai,F
Congnizant,41.0,9284.0,Mumbai,F
TCS,25.0,6543.0,Noida,M
Congnizant,31.0,2034.0,Hyderabad,M
Congnizant,41.0,5283.0,Calcutta,M
Congnizant,21.0,2934.0,Mumbai,M
Infosys,43.0,4034.0,Mumbai,M
TCS,32.0,5034.0,Cochin,M
Infosys,21.0,8202.0,Chennai,M
TCS,34.0,9024.0,Mumbai,F
TCS,24.0,5283.0,Calcutta,M
Infosys,34.0,5283.0,Delhi,M
TCS,37.0,2300.0,Mumbai,M
Infosys,44.0,3000.0,Cochin,M
TCS,32.0,4000.0,Noida,M
Infosys,32.0,5000.0,Hyderabad,M
TCS,32.0,6000.0,Calcutta,M
Infosys,26.0,7000.0,Bhopal,M
TCS,32.0,8000.0,Nagpur,M
Congnizant,43.0,9000.0,Pune,F
Congnizant,22.0,5283.0,Pune,M
Congnizant,33.0,1089.0,Chennai,M
Congnizant,17.0,1234.0,Calcutta,M
Infosys,41.0,3000.0,Delhi,M
TCS,21.0,3000.0,Mumbai,M
Infosys,32.0,3030.0,Calcutta,M
TCS,36.0,5000.0,Chennai,M
TCS,21.0,5283.0,Mumbai,M
Infosys,34.0,5283.0,Calcutta,M
TCS,32.0,3045.0,Delhi,M
Infosys,54.0,3184.0,Mumbai,M
TCS,22.0,4824.0,Calcutta,M
Infosys,32.0,5835.0,Chennai,M
TCS,32.0,7084.0,Mumbai,F
Infosys,22.0,8943.0,Calcutta,F
TCS,33.0,8345.0,Delhi,F
Congnizant,44.0,9284.0,Pondicherry,F
Congnizant,22.0,5283.0,Cochin,M
Congnizant,32.0,2034.0,Pondicherry,M
Congnizant,44.0,5283.0,Mumbai,M
Congnizant,22.0,2934.0,Calcutta,M
Infosys,44.0,4034.0,Delhi,M
TCS,33.0,5034.0,Mumbai,M
Infosys,22.0,8202.0,Cochin,F
TCS,32.0,9024.0,Chennai,F
TCS,33.0,5283.0,Mumbai,M
TCS,33.0,5283.0,Calcutta,M
TCS,33.0,2300.0,Delhi,M
Infosys,32.0,3234.0,Mumbai,M
TCS,22.0,4324.0,Cochin,M
Infosys,32.0,5435.0,Chennai,M
TCS,32.0,5555.0,Mumbai,M
Infosys,22.0,8787.0,Calcutta,M
TCS,33.0,8787.0,Mumbai,F
Congnizant,44.0,9876.0,Mumbai,F
Congnizant,22.0,5283.0,Mumbai,M
Congnizant,33.0,1089.0,Noida,M
Congnizant,44.0,5283.0,Hyderabad,M
Congnizant,32.0,1234.0,Calcutta,M
Infosys,44.0,3234.0,Mumbai,M
TCS,32.0,3454.0,Calcutta,M
Infosys,22.0,8787.0,Calcutta,F
TCS,33.0,5654.0,Mumbai,F
TCS,20.0,5009.0,Mumbai,F
Infosys,30.0,5098.0,Noida,M
TCS,33.0,3045.0,Hyderabad,M
Infosys,50.0,3184.0,Calcutta,M
TCS,32.0,7084.0,Cochin,F
TCS,22.0,8943.0,Chennai,M
TCS,31.0,8345.0,Mumbai,M
Congnizant,40.0,9284.0,Calcutta,F
TCS,32.0,5283.0,Delhi,M
Congnizant,31.0,2034.0,Mumbai,M
Congnizant,44.0,3033.0,Cochin,M
Congnizant,22.0,2934.0,Noida,M
Infosys,44.0,4034.0,Hyderabad,M
TCS,33.0,5034.0,Calcutta,M
Infosys,22.0,8202.0,Mumbai,M
TCS,33.0,9024.0,Calcutta,F
Infosys,44.0,4034.0,Delhi,F
TCS,33.0,5034.0,Mumbai,F
Infosys,22.0,8202.0,Cochin,M
